Gender,accuracy,precision,recall
F,0.9833333333333333,1.0,0.9230769230769231
M,0.9411764705882353,1.0,0.8888888888888888
